"20","4","7","ciao","2024-11-18 19:17:37.923","4"
"21","4","7","ciao ciao ","2024-11-18 19:22:05.719","4"
"22","4","7","ciao","2024-11-19 14:29:18.066","4"
"23","4","7","ciao","2024-11-19 15:59:29.376","4"
"24","4","7","ciao ciao","2024-11-19 15:59:35.574","4"
"25","4","7","ciao bello","2024-11-19 16:03:02.019","4"
"26","4","7","ciao amico","2024-11-19 18:20:45.813","4"
"27","7","4","ciao bello","2024-11-19 19:26:11.978","4"
"28","4","38","ciao marsone","2024-11-19 19:28:05.558","5"
"30","4","37","ciao ginola","2024-11-19 19:32:58.346","7"
"31","4","7","ciao ciao ","2024-11-19 19:37:02.251","4"
"32","4","7","ciao amico marcello","2024-11-19 19:47:22.905","4"
"33","4","44","ciao","2024-11-19 19:47:52.924","6"
"34","4","44","ciao amico ciao quanto twmpo","2024-11-19 19:48:05.529","6"
"35","4","9","ciao mtarrtugh","2024-11-20 16:31:03.669","8"
"36","4","7","Ciao sono test file system","2024-11-21 20:17:06.178","12"
"37","4","7","Ciao sono test file system","2024-11-22 10:36:00.019","12"
"38","4","7","Ciao sono test file system","2024-11-22 10:42:00.506","12"
